id,latitude,longitude,price,review_count,rating,zip_code,city,alias,categories
6YF3-B5wOet7la7H4CTFAQ,33.70632,-118.29168,$,150,3.0,90731,San Pedro,walkers-cafe-san-pedro,"[{'alias': 'coffee', 'title': 'Coffee & Tea'}, {'alias': 'burgers', 'title': 'Burgers'}, {'alias': 'divebars', 'title': 'Dive Bars'}]"
9uPPJXD_lxhll_lJkN5mkQ,33.7139625549316,-118.304191589355,$,165,4.5,90731,San Pedro,the-corner-store-san-pedro,"[{'alias': 'sandwiches', 'title': 'Sandwiches'}, {'alias': 'burgers', 'title': 'Burgers'}, {'alias': 'delis', 'title': 'Delis'}]"
iZ2VkXTvMLNrZg-ztmM_LA,33.708848,-118.2884982,$$,407,4.0,90731,San Pedro,lighthouse-cafe-san-pedro,"[{'alias': 'breakfast_brunch', 'title': 'Breakfast & Brunch'}, {'alias': 'tradamerican', 'title': 'American (Traditional)'}]"
tsyHFmYQrCcd9JsK8Q-R-w,33.709199,-118.288297,$$,375,4.0,90731,San Pedro,pacific-diner-san-pedro,"[{'alias': 'breakfast_brunch', 'title': 'Breakfast & Brunch'}]"
6fbPEsv4D33q--d3Hjh_5A,33.7217911,-118.3103589,$$,86,4.0,90732,San Pedro,sonnys-bistro-san-pedro,"[{'alias': 'bars', 'title': 'Bars'}, {'alias': 'sandwiches', 'title': 'Sandwiches'}, {'alias': 'tradamerican', 'title': 'American (Traditional)'}]"
aFdIr743GOoIkUYv1CIrpg,33.7219122,-118.3108584,$$,145,3.5,90732,San Pedro,pinas-mexican-restaurant-san-pedro,"[{'alias': 'mexican', 'title': 'Mexican'}, {'alias': 'breakfast_brunch', 'title': 'Breakfast & Brunch'}]"
ZpnPIMwf5W3FgP9Yvz3IKw,33.722673,-118.31035,$,28,2.5,90732,San Pedro,subway-restaurants-san-pedro-2,"[{'alias': 'sandwiches', 'title': 'Sandwiches'}]"
aEKyqJHZGRrNJkKyyvH3TA,33.722215,-118.303611,$$,1289,4.5,90731,San Pedro,busy-bee-market-san-pedro,"[{'alias': 'grocery', 'title': 'Grocery'}, {'alias': 'delis', 'title': 'Delis'}, {'alias': 'sandwiches', 'title': 'Sandwiches'}]"
GtCLJeocUfKol4GtPazAew,33.7231827,-118.3123376,$$,394,4.0,90732,San Pedro,sorrentos-restaurant-san-pedro,"[{'alias': 'pizza', 'title': 'Pizza'}, {'alias': 'italian', 'title': 'Italian'}, {'alias': 'sandwiches', 'title': 'Sandwiches'}]"
4p3KzElJzyFXtNKb21FS2Q,33.7232534,-118.312254,$,62,4.0,90732,San Pedro,bagels-galore-san-pedro,"[{'alias': 'bagels', 'title': 'Bagels'}]"
cn65-ii_jJdkplnA4SSWGw,33.723164,-118.310816,$$,10,3.0,90732,San Pedro,starbucks-san-pedro-10,"[{'alias': 'coffee', 'title': 'Coffee & Tea'}]"
0fPWgc82FfvA6qd1ukwDrw,33.7232252,-118.3116643,$,359,4.0,90732,San Pedro,prontos-mexican-grill-san-pedro,"[{'alias': 'mexican', 'title': 'Mexican'}, {'alias': 'juicebars', 'title': 'Juice Bars & Smoothies'}]"
c1yr7Cq8QTI63j_DkYUQlQ,33.723367,-118.312095,$$,65,3.5,90732,San Pedro,starbucks-san-pedro,"[{'alias': 'coffee', 'title': 'Coffee & Tea'}]"
wZh85V7Xg34PAZFdz2jRuw,33.723243,-118.3122657,$,77,4.0,90732,San Pedro,nim-chans-kitchen-san-pedro,"[{'alias': 'chinese', 'title': 'Chinese'}]"
dUuNRYXBxcHwZNgniu16wg,33.7233332878071,-118.313536217524,$$,688,4.0,90732,San Pedro,sirinat-thai-and-sushi-bar-san-pedro,"[{'alias': 'thai', 'title': 'Thai'}, {'alias': 'noodles', 'title': 'Noodles'}, {'alias': 'soup', 'title': 'Soup'}]"
TCAjTblJySF8YVgb3luIYg,33.7233733249154,-118.314135740437,$,140,3.5,90732,San Pedro,fantastic-cafe-san-pedro,"[{'alias': 'burgers', 'title': 'Burgers'}]"
kO6LSnT2t00iyvULPFCKKg,33.7235049746182,-118.314221996488,$$,169,3.5,90732,San Pedro,chicago-for-ribs-san-pedro,"[{'alias': 'bbq', 'title': 'Barbeque'}]"
x099zSkgRRnY7883mpcjcQ,33.7231134,-118.29924,$,59,4.0,90731,San Pedro,colossus-bread-san-pedro-2,"[{'alias': 'bakeries', 'title': 'Bakeries'}, {'alias': 'cafes', 'title': 'Cafes'}, {'alias': 'coffee', 'title': 'Coffee & Tea'}]"
7IJSvPzWn4IW72J4K8XCnQ,33.723153,-118.299314,$,319,4.5,90731,San Pedro,the-chori-man-san-pedro,"[{'alias': 'mexican', 'title': 'Mexican'}, {'alias': 'meats', 'title': 'Meat Shops'}]"
TMlGAoTUF2Rvz20RYBMI7Q,33.7243898556879,-118.315015733242,$,11,3.0,90732,San Pedro,7-eleven-san-pedro-6,"[{'alias': 'convenience', 'title': 'Convenience Stores'}, {'alias': 'coffee', 'title': 'Coffee & Tea'}]"
yJ1OcCn_j2NwRld6eNQTBQ,33.7235939,-118.2881249,$$,97,3.0,90731,San Pedro,nams-red-door-vietnamese-restaurant-san-pedro,"[{'alias': 'vietnamese', 'title': 'Vietnamese'}]"
SDrjIyUmnlioabG5O7_zOg,33.7239761352539,-118.288269042969,$,151,3.0,90731,San Pedro,marias-restaurant-san-pedro,"[{'alias': 'mexican', 'title': 'Mexican'}]"
QDwDMHY4V6W7hQ2oFqKG0w,33.7244071960449,-118.288269042969,$,35,3.5,90731,San Pedro,the-spot-san-pedro,"[{'alias': 'divebars', 'title': 'Dive Bars'}, {'alias': 'sportsbars', 'title': 'Sports Bars'}]"
uwcTBwCHDheXDrI06g3acA,33.724402,-118.287822,$$,657,4.0,90731,San Pedro,rexs-cafe-san-pedro,"[{'alias': 'breakfast_brunch', 'title': 'Breakfast & Brunch'}, {'alias': 'coffee', 'title': 'Coffee & Tea'}]"
HGv1Wr3GdSYt99UQQp4WoA,33.72579,-118.28826,$,174,3.5,90731,San Pedro,troys-burgers-san-pedro,"[{'alias': 'burgers', 'title': 'Burgers'}, {'alias': 'breakfast_brunch', 'title': 'Breakfast & Brunch'}, {'alias': 'sandwiches', 'title': 'Sandwiches'}]"
j9ufjzE60v_9IpE61fF6HA,33.7262,-118.28766,$,54,3.0,90731,San Pedro,louies-chinese-restaurant-no-2-san-pedro,"[{'alias': 'chinese', 'title': 'Chinese'}]"
xikVdp961pVF2ESTuSXhwg,33.726716414094,-118.288026675582,$$,325,4.0,90731,San Pedro,nazelies-lebanese-cafe-san-pedro,"[{'alias': 'lebanese', 'title': 'Lebanese'}, {'alias': 'mediterranean', 'title': 'Mediterranean'}, {'alias': 'armenian', 'title': 'Armenian'}]"
B-pK-Mrym6UCDKt5aXUQCg,33.7266960144043,-118.287666320801,$,25,3.5,90731,San Pedro,harolds-place-san-pedro,"[{'alias': 'divebars', 'title': 'Dive Bars'}]"
izxxnLKGeXIQAZcgPYbmiA,33.7273255924181,-118.288345187902,$,22,2.0,90731,San Pedro,7-eleven-san-pedro-4,"[{'alias': 'convenience', 'title': 'Convenience Stores'}, {'alias': 'coffee', 'title': 'Coffee & Tea'}]"
KLHatZTSGG_OL29jW7ZG0A,33.7289279,-118.2878351,$,24,4.5,90731,San Pedro,angelitos-taco-truck-san-pedro,"[{'alias': 'mexican', 'title': 'Mexican'}, {'alias': 'foodtrucks', 'title': 'Food Trucks'}]"
SCjVll0fCYjJcldC8UvO2Q,33.7213700802329,-118.252989985049,$,6,3.5,90731,San Pedro,pier-400-cafe-san-pedro,"[{'alias': 'cafes', 'title': 'Cafes'}]"
EGz4toczaB2njcFcqGzsxA,33.7332038879395,-118.294395446777,$$,24,5.0,90731,San Pedro,fiyahnesian-cuisine-no-title,"[{'alias': 'catering', 'title': 'Caterers'}, {'alias': 'foodstands', 'title': 'Food Stands'}, {'alias': 'mexican', 'title': 'Mexican'}]"
slisoI3QDCV6QX85Yg_NPA,33.7251118820347,-118.280678836462,$$,442,3.5,90731,San Pedro,22nd-st-landing-seafood-grill-and-bar-san-pedro-2,"[{'alias': 'seafood', 'title': 'Seafood'}, {'alias': 'wine_bars', 'title': 'Wine Bars'}, {'alias': 'venues', 'title': 'Venues & Event Spaces'}]"
arz13o-G13v6UjN4r1toSg,33.727768,-118.279929,$$,29,4.5,90731,San Pedro,drunken-cake-pops-san-pedro,"[{'alias': 'desserts', 'title': 'Desserts'}, {'alias': 'catering', 'title': 'Caterers'}, {'alias': 'cocktailbars', 'title': 'Cocktail Bars'}]"
yknOY2nbE25QcA142djDeA,33.9788284301758,-118.249931335449,$,33,4.5,90001,Los Angeles,mad-pambazos-los-angeles,"[{'alias': 'foodtrucks', 'title': 'Food Trucks'}, {'alias': 'sandwiches', 'title': 'Sandwiches'}, {'alias': 'catering', 'title': 'Caterers'}]"
zBCW_Ozlk5VeSoue626JUg,33.737931,-118.39619,$$,16,4.0,90275,Rancho Palos Verdes,cielo-point-rancho-palos-verdes,"[{'alias': 'tradamerican', 'title': 'American (Traditional)'}]"
juzVI8XmlU8mYNLrgSWfeA,33.7385998205269,-118.396372845044,$$$$,519,4.0,90275,Rancho Palos Verdes,marsel-rancho-palos-verdes,"[{'alias': 'newamerican', 'title': 'American (New)'}, {'alias': 'diners', 'title': 'Diners'}]"
49Ib3q8XKr6nnWIxO_qx0Q,33.7382090872277,-118.397315573388,$$,205,3.5,90275,Rancho Palos Verdes,bashi-rancho-palos-verdes,"[{'alias': 'asianfusion', 'title': 'Asian Fusion'}, {'alias': 'sushi', 'title': 'Sushi Bars'}, {'alias': 'noodles', 'title': 'Noodles'}]"
j2rkjK_7uYcNlN_kNjInZw,33.7384259509525,-118.397276,$$$,651,3.5,90275,Rancho Palos Verdes,catalina-kitchen-rancho-palos-verdes,"[{'alias': 'buffets', 'title': 'Buffets'}, {'alias': 'newamerican', 'title': 'American (New)'}, {'alias': 'breakfast_brunch', 'title': 'Breakfast & Brunch'}]"
XxE8ccFye-bSfx4N8rJ8RA,33.738226,-118.3976579,$$,5,3.0,90275,Rancho Palos Verdes,spa-cafe-rancho-palos-verdes-3,"[{'alias': 'cafes', 'title': 'Cafes'}]"
T9h21w-CPJi9NyLLIl8vTQ,33.7382668093352,-118.397910787558,$$,74,4.0,90275,Rancho Palos Verdes,lobby-bar-rancho-palos-verdes,"[{'alias': 'newamerican', 'title': 'American (New)'}, {'alias': 'lounges', 'title': 'Lounges'}]"
uVBwIjjM5tAA0tYAQp4Iaw,33.7387386461128,-118.397903369941,$$,142,4.0,90275,Rancho Palos Verdes,sea-beans-rancho-palos-verdes,"[{'alias': 'coffee', 'title': 'Coffee & Tea'}, {'alias': 'gelato', 'title': 'Gelato'}]"
6cj1SyuhiBcuw5O0zLooUw,33.736753,-118.399057,$$,1034,3.5,90275,Rancho Palos Verdes,nelsons-rancho-palos-verdes,"[{'alias': 'comfortfood', 'title': 'Comfort Food'}, {'alias': 'bars', 'title': 'Bars'}]"
kHT-uvjpStFv2WWg6u2W0Q,33.7484373733209,-118.40572557306,$,228,4.0,90275,Rancho Palos Verdes,tomatillo-rancho-palos-verdes,"[{'alias': 'mexican', 'title': 'Mexican'}]"
zetIfVUlX72MWw2Us7bNPw,33.748161,-118.406206,$,44,1.5,90275,Rancho Palos Verdes,dominos-pizza-rancho-palos-verdes-2,"[{'alias': 'pizza', 'title': 'Pizza'}, {'alias': 'chicken_wings', 'title': 'Chicken Wings'}, {'alias': 'sandwiches', 'title': 'Sandwiches'}]"
-ObyUwnSGXpQO5_7E8kCrg,33.7483125529208,-118.406107407544,$$,126,4.5,90275,Rancho Palos Verdes,poke-me-rancho-palos-verdes,"[{'alias': 'poke', 'title': 'Poke'}, {'alias': 'hawaiian', 'title': 'Hawaiian'}, {'alias': 'japanese', 'title': 'Japanese'}]"
Rcaq4XD5c7V8FtpPl-lbgA,33.7480770034065,-118.406975269318,$$,317,3.0,90275,Rancho Palos Verdes,yellow-vase-rancho-palos-verdes-2,"[{'alias': 'floraldesigners', 'title': 'Floral Designers'}, {'alias': 'florists', 'title': 'Florists'}, {'alias': 'creperies', 'title': 'Creperies'}]"
xx1zlXGZ6yYEKjoBi1tb6A,33.74844,-118.406924,$$,271,3.5,90275,Rancho Palos Verdes,asaka-sushi-and-grill-rancho-palos-verdes,"[{'alias': 'sushi', 'title': 'Sushi Bars'}, {'alias': 'japanese', 'title': 'Japanese'}]"
UTQyonzkzOVdBldd0Soc6Q,33.7485004212031,-118.406890871705,$$,403,4.0,90275,Rancho Palos Verdes,avenue-italy-rancho-palos-verdes-4,"[{'alias': 'italian', 'title': 'Italian'}, {'alias': 'pizza', 'title': 'Pizza'}, {'alias': 'desserts', 'title': 'Desserts'}]"
c8BSzr2en0g3QK2hQcS7ZQ,33.7492103,-118.4074216,$$,388,4.0,90275,Rancho Palos Verdes,swan-thai-rancho-palos-verdes,"[{'alias': 'thai', 'title': 'Thai'}]"
CuS9bR0pdHPDvL0fIQ-g3g,33.748708,-118.406978,$,58,3.0,90275,Rancho Palos Verdes,subway-restaurants-rancho-palos-verdes,"[{'alias': 'sandwiches', 'title': 'Sandwiches'}]"
WbjEVFbPIzJ4FsKU2WJWtQ,33.748886,-118.407055,$,239,4.0,90275,Rancho Palos Verdes,starbucks-rancho-palos-verdes-3,"[{'alias': 'coffee', 'title': 'Coffee & Tea'}]"
e2dwGNoRK5YBUfIdBYXcLQ,33.74916,-118.40711,$,22,3.0,90275,Rancho Palos Verdes,7-eleven-rancho-palos-verdes,"[{'alias': 'convenience', 'title': 'Convenience Stores'}, {'alias': 'servicestations', 'title': 'Gas Stations'}, {'alias': 'coffee', 'title': 'Coffee & Tea'}]"
p6HTxqgaMJTaZP9Hs4EVyQ,33.7604695,-118.394708,$,14,2.5,90275,Rancho Palos Verdes,starbucks-rancho-palos-verdes-2,"[{'alias': 'coffee', 'title': 'Coffee & Tea'}]"
7PPIuQB2Hzw3ydR16nBY7g,33.7694831,-118.3690569,$$,109,4.5,90274,Rolling Hills Estates,giorgios-rolling-hills-estates,"[{'alias': 'italian', 'title': 'Italian'}]"
Tr6W1Ciezmy7gp11uGqgIA,33.7692627195919,-118.368393365635,$$,201,4.0,90274,Rolling Hills Estates,mama-terano-rolling-hills-estates,"[{'alias': 'italian', 'title': 'Italian'}, {'alias': 'desserts', 'title': 'Desserts'}, {'alias': 'salad', 'title': 'Salad'}]"
Ntmb_x9OIkdF0577bdAPsA,33.89344,-118.35287,$,20,5.0,90260,Lawndale,amals-baklava-and-more-lawndale-2,"[{'alias': 'bakeries', 'title': 'Bakeries'}, {'alias': 'desserts', 'title': 'Desserts'}, {'alias': 'catering', 'title': 'Caterers'}]"
O_trywKNTZe3L2UnbqZXxg,33.8683632868948,-118.236840043507,$$,26,4.0,90220,Rancho Dominguez,green-olive-truck-rancho-dominguez-3,"[{'alias': 'foodtrucks', 'title': 'Food Trucks'}, {'alias': 'falafel', 'title': 'Falafel'}]"
PyivZWrHyYv4JQd9qGGrjw,33.9788284301758,-118.249931335449,$$,179,4.5,90001,Los Angeles,tokyo-doggie-style-los-angeles-6,"[{'alias': 'foodtrucks', 'title': 'Food Trucks'}, {'alias': 'japanese', 'title': 'Japanese'}, {'alias': 'hotdog', 'title': 'Hot Dogs'}]"
lwBbzIzX1q7MavJOR7Tzyg,33.97908,-118.25009,$,1581,3.5,90001,Los Angeles,the-grilled-cheese-truck-los-angeles,"[{'alias': 'foodtrucks', 'title': 'Food Trucks'}, {'alias': 'tradamerican', 'title': 'American (Traditional)'}]"
kDA2lea_NS11Qbkc3gawVA,34.04749,-118.34694,$$,120,3.5,90019,Los Angeles,wise-barbecue-los-angeles,"[{'alias': 'foodtrucks', 'title': 'Food Trucks'}, {'alias': 'bbq', 'title': 'Barbeque'}]"
qu8yFETeo4J8fMbf_7XV_Q,34.03983,-118.26855,$,29,4.5,90015,Los Angeles,urban-espresso-los-angeles-6,"[{'alias': 'foodtrucks', 'title': 'Food Trucks'}, {'alias': 'coffee', 'title': 'Coffee & Tea'}, {'alias': 'breakfast_brunch', 'title': 'Breakfast & Brunch'}]"
JiYslHHmxDRNtjDg_49fmQ,33.7885,-117.97395,$$,178,4.0,92841,Garden Grove,mess-hall-canteen-garden-grove-7,"[{'alias': 'foodtrucks', 'title': 'Food Trucks'}, {'alias': 'sandwiches', 'title': 'Sandwiches'}, {'alias': 'salad', 'title': 'Salad'}]"
nMEh6boQ7v_q03qcFZZ79Q,34.0569114685059,-118.243949890137,$,624,3.5,90012,Los Angeles,white-rabbit-truck-los-angeles-4,"[{'alias': 'filipino', 'title': 'Filipino'}, {'alias': 'foodtrucks', 'title': 'Food Trucks'}, {'alias': 'catering', 'title': 'Caterers'}]"
GVt0MwAoQcuM06V_-fHkug,34.0583969,-118.1912081,$,1175,4.5,90063,Los Angeles,the-lobos-truck-los-angeles,"[{'alias': 'foodtrucks', 'title': 'Food Trucks'}, {'alias': 'tradamerican', 'title': 'American (Traditional)'}, {'alias': 'comfortfood', 'title': 'Comfort Food'}]"
WiTMRukKmLARoEoKdrV6Qg,34.1463062227897,-118.425396788406,$$,296,4.0,91423,Los Angeles,okamoto-kitchen-los-angeles-2,"[{'alias': 'foodtrucks', 'title': 'Food Trucks'}, {'alias': 'japanese', 'title': 'Japanese'}, {'alias': 'catering', 'title': 'Caterers'}]"
p80H4LNPVe3rUB7YBjH4bg,34.21332,-118.35861,$,1,1.0,91352,Los Angeles,shawarma-and-falafel-palace-food-truck-los-angeles,"[{'alias': 'foodtrucks', 'title': 'Food Trucks'}, {'alias': 'mideastern', 'title': 'Middle Eastern'}]"
eC6LKNPIDWHFj4KgDZgpJQ,34.23356533,-118.58883683,$$,48,5.0,91304,Canoga Park,uncle-johnnys-burgers-canoga-park,"[{'alias': 'foodstands', 'title': 'Food Stands'}, {'alias': 'burgers', 'title': 'Burgers'}]"
RTd8qW4O6vMbI14ofs9_Ag,34.18704,-118.13342,$$,2,5.0,91001,Pasadena,chili-chili-mango-pasadena-6,"[{'alias': 'icecream', 'title': 'Ice Cream & Frozen Yogurt'}, {'alias': 'foodtrucks', 'title': 'Food Trucks'}]"
DJqaSrXzZyIcvPV9EJZ12w,34.4468803405762,-118.510902404785,$$,38,5.0,91350,Santa Clarita,madison-rose-bakery-santa-clarita-2,"[{'alias': 'bakeries', 'title': 'Bakeries'}]"
myW4G0FVfeUvXqefR57A6A,34.1831481,-119.1656806,$,67,4.5,93033,Oxnard,its-in-the-sauce-bbq-oxnard,"[{'alias': 'bbq', 'title': 'Barbeque'}, {'alias': 'catering', 'title': 'Caterers'}, {'alias': 'foodtrucks', 'title': 'Food Trucks'}]"
3odn71UlLkYG78Tt80J2hQ,33.7329182,-118.3473315,$$$$,543,4.0,90275,Rancho Palos Verdes,trump-national-golf-club-rancho-palos-verdes-5,"[{'alias': 'golf', 'title': 'Golf'}, {'alias': 'golflessons', 'title': 'Golf Lessons'}, {'alias': 'newamerican', 'title': 'American (New)'}]"
GNhy4f5wBEY2CqTTFIRwkg,33.7295472628657,-118.349709212503,$$$$,302,4.0,90275,Rancho Palos Verdes,trump-national-golf-club-restaurant-rancho-palos-verdes-2,"[{'alias': 'newamerican', 'title': 'American (New)'}]"
VwcCsRTWbRxIKVPbahPN4g,33.7491264,-118.3249817,$,18,3.5,90275,Rancho Palos Verdes,miraleste-liquor-and-deli-rancho-palos-verdes,"[{'alias': 'delis', 'title': 'Delis'}]"
TVvdgOhHwFMEvLaIR3Yvxw,33.7489023,-118.3248082,$$,61,3.5,90275,Rancho Palos Verdes,francescos-cafe-italia-rancho-palos-verdes,"[{'alias': 'italian', 'title': 'Italian'}]"
S-58wF14Lto2N99i0ecY1A,33.7303352355957,-118.315200805664,$$,19,4.0,90732,San Pedro,elks-lodge-san-pedro-san-pedro,"[{'alias': 'venues', 'title': 'Venues & Event Spaces'}, {'alias': 'tradamerican', 'title': 'American (Traditional)'}]"
qaR4aatarEEwrX1TdYO_SQ,33.758343,-118.3130177,$$,155,3.5,90275,Rancho Palos Verdes,marias-mexican-restaurant-rancho-palos-verdes,"[{'alias': 'mexican', 'title': 'Mexican'}]"
mgobgmi3iduH3Z-hFFF5YQ,33.7596333,-118.3127969,$$,136,4.0,90275,Rancho Palos Verdes,stuft-pizza-rancho-palos-verdes,"[{'alias': 'pizza', 'title': 'Pizza'}]"
2TqYZNga-WtofU19OSqiaA,33.7585849,-118.3129646,$,32,2.0,90275,Rancho Palos Verdes,carls-jr-rancho-palos-verdes,"[{'alias': 'hotdogs', 'title': 'Fast Food'}, {'alias': 'mexican', 'title': 'Mexican'}]"
JXKNVOAq0ickmeUF4GBzIA,33.7597228,-118.3127903,$$,148,4.0,90275,Rancho Palos Verdes,kumano-sushiya-rancho-palos-verdes,"[{'alias': 'japanese', 'title': 'Japanese'}, {'alias': 'sushi', 'title': 'Sushi Bars'}]"
Xfyoe_KRfK3XBCx9TxGr1A,33.763515,-118.3112543,$$,44,3.5,90732,San Pedro,cocos-bakery-restaurant-san-pedro,"[{'alias': 'bakeries', 'title': 'Bakeries'}, {'alias': 'tradamerican', 'title': 'American (Traditional)'}, {'alias': 'breakfast_brunch', 'title': 'Breakfast & Brunch'}]"
LF4wu8G2s1Uede8EFzdIMQ,33.763528,-118.311206,$,62,2.5,90732,San Pedro,cocos-san-pedro,"[{'alias': 'newamerican', 'title': 'American (New)'}, {'alias': 'soup', 'title': 'Soup'}, {'alias': 'breakfast_brunch', 'title': 'Breakfast & Brunch'}]"
lL31FZitQ18GZU_Yw_iDUQ,33.76381,-118.31124,$$,447,4.0,90732,San Pedro,jasmine-hana-san-pedro-2,"[{'alias': 'japanese', 'title': 'Japanese'}, {'alias': 'thai', 'title': 'Thai'}, {'alias': 'sushi', 'title': 'Sushi Bars'}]"
2acU7KU1EgPNWQt8MFLOyQ,33.8224529102469,-118.301476356315,$$$,3,5.0,90501,Los Angeles,antojitos-el-buen-gusto-los-angeles,"[{'alias': 'tacos', 'title': 'Tacos'}, {'alias': 'foodtrucks', 'title': 'Food Trucks'}, {'alias': 'fooddeliveryservices', 'title': 'Food Delivery Services'}]"
yvZhdhMtzkM3hZG5ZJHm9g,33.8341771453,-118.384204297,$$,48,4.5,90277,Redondo Beach,recess-truck-redondo-beach,"[{'alias': 'desserts', 'title': 'Desserts'}, {'alias': 'foodtrucks', 'title': 'Food Trucks'}, {'alias': 'icecream', 'title': 'Ice Cream & Frozen Yogurt'}]"
jljq3PO3l-0zEdCDirweQA,34.00455,-118.26009,$$,48,5.0,90011,Los Angeles,stopbye-caf√©-los-angeles-3,"[{'alias': 'asianfusion', 'title': 'Asian Fusion'}, {'alias': 'foodtrucks', 'title': 'Food Trucks'}, {'alias': 'indonesian', 'title': 'Indonesian'}]"
tFD9LwJd9HszMpPM_GpGHQ,34.0690002441406,-118.350242614746,$,53,4.0,90036,Los Angeles,the-falafel-factory-los-angeles,"[{'alias': 'falafel', 'title': 'Falafel'}, {'alias': 'foodtrucks', 'title': 'Food Trucks'}]"
KrivJ1coTLmgpGvGGC2Ayw,34.0837472012297,-118.331095576286,$$,17,4.0,93010,Camarillo,matts-coffee-express-camarillo-6,"[{'alias': 'juicebars', 'title': 'Juice Bars & Smoothies'}, {'alias': 'coffee', 'title': 'Coffee & Tea'}, {'alias': 'foodtrucks', 'title': 'Food Trucks'}]"
Tub-psQGYAjbtny6MnfQmg,34.0770492553711,-118.25887298584,$,2,5.0,90026,Los Angeles,yum-yum-shave-ice-los-angeles-2,"[{'alias': 'shavedice', 'title': 'Shaved Ice'}, {'alias': 'foodstands', 'title': 'Food Stands'}]"
FWBeF6g78wwphRkG64ngvA,34.08841,-118.37783,$$,693,4.0,90069,Los Angeles,babys-badass-burgers-los-angeles,"[{'alias': 'burgers', 'title': 'Burgers'}, {'alias': 'foodtrucks', 'title': 'Food Trucks'}]"
lNnmA8gz8_5GPCgnBqsUpg,33.6775207519531,-117.921119689941,$$$,67,3.5,92626,Costa Mesa,salt-n-pepper-truck-costa-mesa,"[{'alias': 'foodtrucks', 'title': 'Food Trucks'}, {'alias': 'steak', 'title': 'Steakhouses'}, {'alias': 'hotdog', 'title': 'Hot Dogs'}]"
be_D6z3oa1ddbHGHaWOu5A,34.1259460449219,-118.291015625,$$,91,3.5,90027,Los Angeles,the-tropic-truck-los-angeles-5,"[{'alias': 'foodtrucks', 'title': 'Food Trucks'}, {'alias': 'caribbean', 'title': 'Caribbean'}]"
PDBsbA45BK8pj5iaKOVDsg,33.7132431,-117.8718243,$,49,4.0,92707,Santa Ana,broken-rice-truck-santa-ana-2,"[{'alias': 'foodtrucks', 'title': 'Food Trucks'}, {'alias': 'cajun', 'title': 'Cajun/Creole'}]"
4bT-TmXpAUtkT8-QBXx0JQ,33.67888,-117.85764667,$,14,5.0,92612,Irvine,dogge-depot-catering-irvine,"[{'alias': 'foodtrucks', 'title': 'Food Trucks'}, {'alias': 'foodstands', 'title': 'Food Stands'}, {'alias': 'catering', 'title': 'Caterers'}]"
RgUq2nW9aUrQJFaYA5-QLw,33.6623991876128,-117.750723548234,$$,184,4.5,92807,Anaheim,burning-buns-anaheim-4,"[{'alias': 'foodtrucks', 'title': 'Food Trucks'}, {'alias': 'burgers', 'title': 'Burgers'}, {'alias': 'sandwiches', 'title': 'Sandwiches'}]"
-efACZXjjng8u_zKze_NHQ,33.54461,-117.78529,$$,63,4.5,92651,Orange County,drizzle-orange-county-2,"[{'alias': 'desserts', 'title': 'Desserts'}, {'alias': 'foodtrucks', 'title': 'Food Trucks'}]"
v-oMSvvRxXW_8nadZRfMEw,33.738301,-118.282033,$$,38,3.0,90731,San Pedro,blu-bar-and-lounge-san-pedro,"[{'alias': 'tradamerican', 'title': 'American (Traditional)'}]"
FOIEbrANC7DxQqqs7pxuZw,33.73757,-118.28382,$$,189,4.5,90731,San Pedro,sebastian-s-mediterranean-cuisine-san-pedro,"[{'alias': 'mediterranean', 'title': 'Mediterranean'}, {'alias': 'italian', 'title': 'Italian'}]"
cjqokUcgPgxg0ek_nrZBSw,33.7379226833582,-118.283713683486,$,63,3.5,90731,San Pedro,godmothers-saloon-san-pedro,"[{'alias': 'divebars', 'title': 'Dive Bars'}]"
ntJVN217YaHMFEw4jXZNAg,33.7385851,-118.2807744,$$,360,4.0,90731,San Pedro,green-onion-mexican-restaurant-san-pedro,"[{'alias': 'mexican', 'title': 'Mexican'}]"
zNIC2TYlJ6Qvj4QAXVf5RA,33.7381367,-118.2836449,$,354,4.5,90731,San Pedro,happy-diner-san-pedro,"[{'alias': 'diners', 'title': 'Diners'}]"
2vaZcL3jo5LAeou-CHYf_A,33.7377511708778,-118.28416387791,$$,572,4.0,90731,San Pedro,the-whale-and-ale-san-pedro,"[{'alias': 'pubs', 'title': 'Pubs'}, {'alias': 'british', 'title': 'British'}, {'alias': 'seafood', 'title': 'Seafood'}]"
LPXoda05XSCKz9T2ibA_Og,33.738915,-118.282536,$,275,4.0,90731,San Pedro,hojas-tea-house-san-pedro,"[{'alias': 'coffee', 'title': 'Coffee & Tea'}, {'alias': 'desserts', 'title': 'Desserts'}, {'alias': 'tea', 'title': 'Tea Rooms'}]"
9Dva3VHRIl7Qbu551EZZyg,33.7385577,-118.2833304,$,35,4.5,90731,San Pedro,dreamys-ice-cream-san-pedro,"[{'alias': 'icecream', 'title': 'Ice Cream & Frozen Yogurt'}, {'alias': 'gourmet', 'title': 'Specialty Food'}, {'alias': 'coffee', 'title': 'Coffee & Tea'}]"
VZVv8GnlTqcOvNzQW893eA,33.7386636075692,-118.283405001373,$,20,2.5,90731,San Pedro,subway-restaurants-san-pedro-4,"[{'alias': 'sandwiches', 'title': 'Sandwiches'}]"
8ADyD4soL4oH7ZV2HQuf8Q,33.738509,-118.283728,$$,352,4.0,90731,San Pedro,pappys-seafood-san-pedro,"[{'alias': 'seafood', 'title': 'Seafood'}, {'alias': 'newamerican', 'title': 'American (New)'}, {'alias': 'salad', 'title': 'Salad'}]"
8VSgnSrawlzC7uO4CQgz_A,33.737716,-118.28442283,$$,134,4.5,90731,San Pedro,la-buvette-bistro-san-pedro-4,"[{'alias': 'french', 'title': 'French'}, {'alias': 'wine_bars', 'title': 'Wine Bars'}]"
qKSoVVLLh4355_PelmNLiw,33.73718,-118.28462,$,105,4.0,90731,San Pedro,a-1-imported-groceries-san-pedro-2,"[{'alias': 'grocery', 'title': 'Grocery'}, {'alias': 'delis', 'title': 'Delis'}]"
u4cncXRYpV6zHNc5HIAu7A,33.7342628091574,-118.281900510192,$,11,4.0,90731,San Pedro,alhambra-cocktail-lounge-san-pedro,"[{'alias': 'bars', 'title': 'Bars'}]"
WulBmA_kxO4oO998vt4bMw,33.7386151,-118.2841729,$$,520,3.5,90731,San Pedro,san-pedro-brewing-company-san-pedro,"[{'alias': 'sportsbars', 'title': 'Sports Bars'}, {'alias': 'breweries', 'title': 'Breweries'}, {'alias': 'tradamerican', 'title': 'American (Traditional)'}]"
ze8wgfb7P_Jerxe2sxbmTw,33.738491,-118.284482,$$,106,3.5,90731,San Pedro,crimsin-san-pedro,"[{'alias': 'lounges', 'title': 'Lounges'}, {'alias': 'danceclubs', 'title': 'Dance Clubs'}]"
FgRp7T3eot9wPgUCpvKMbg,33.7388849,-118.284616,$$,39,3.5,90732,San Pedro,goodfellas-sports-bar-san-pedro,"[{'alias': 'sportsbars', 'title': 'Sports Bars'}]"
oQPuNlgoxIx5hidU4erI-A,33.7389517667426,-118.2847535,$$,403,4.0,90731,San Pedro,baramee-thai-restaurant-san-pedro,"[{'alias': 'thai', 'title': 'Thai'}]"
Ivie_-zSY73O6u9tl1f6dQ,33.73889,-118.2851,$$,90,4.5,90731,San Pedro,conrads-mexican-grill-san-pedro,"[{'alias': 'mexican', 'title': 'Mexican'}, {'alias': 'breakfast_brunch', 'title': 'Breakfast & Brunch'}]"
S61eirnq1TWhOPg8KDYnJg,33.739263,-118.284865,$$,17,4.0,90731,San Pedro,ko-ryu-ramen-san-pedro-2,"[{'alias': 'ramen', 'title': 'Ramen'}]"
H9me-yobV9-qMRCnfQh7Lg,33.7388916015625,-118.285247802734,$$,160,4.0,90731,San Pedro,senfuku-san-pedro,"[{'alias': 'japanese', 'title': 'Japanese'}, {'alias': 'sushi', 'title': 'Sushi Bars'}]"
0bC28CWLBU79IX857_KqUg,33.7384948730469,-118.285537719727,$$,489,3.5,90731,San Pedro,nikos-pizzeria-san-pedro,"[{'alias': 'pizza', 'title': 'Pizza'}, {'alias': 'italian', 'title': 'Italian'}, {'alias': 'sandwiches', 'title': 'Sandwiches'}]"
9l5BVnShbYb4PI71SS6Tgw,33.73805,-118.28596,$,231,4.5,90731,San Pedro,sirens-java-and-tea-san-pedro,"[{'alias': 'coffee', 'title': 'Coffee & Tea'}]"
szfKapW8cv2nfkcdZSBz-A,33.739963,-118.284133,$$,242,4.0,90731,San Pedro,think-cafe-san-pedro,"[{'alias': 'newamerican', 'title': 'American (New)'}, {'alias': 'breakfast_brunch', 'title': 'Breakfast & Brunch'}]"
DJosDH689QjpAA1czhsqYg,33.74015,-118.28027,$,142,4.0,90731,San Pedro,grinder-restaurants-san-pedro-san-pedro,"[{'alias': 'tradamerican', 'title': 'American (Traditional)'}, {'alias': 'wine_bars', 'title': 'Wine Bars'}, {'alias': 'beerbar', 'title': 'Beer Bar'}]"
P4qBeTu9X1N37vJ6JGNVLA,33.73942,-118.28517,$$,33,3.5,90731,San Pedro,kalaveras-san-pedro,"[{'alias': 'bars', 'title': 'Bars'}, {'alias': 'desserts', 'title': 'Desserts'}, {'alias': 'mexican', 'title': 'Mexican'}]"
x3eq9Y24KE_QIrf8srReLg,33.7386295978881,-118.285945083328,$$,237,4.5,90731,San Pedro,nuda-juice-and-wellness-shop-san-pedro-2,"[{'alias': 'juicebars', 'title': 'Juice Bars & Smoothies'}, {'alias': 'acaibowls', 'title': 'Acai Bowls'}, {'alias': 'coffee', 'title': 'Coffee & Tea'}]"
qrZtaKXJITtCATKywoMPvQ,33.7341835,-118.2779328,$$,347,3.5,90731,San Pedro,crusty-crab-san-pedro-3,"[{'alias': 'seafoodmarkets', 'title': 'Seafood Markets'}, {'alias': 'seafood', 'title': 'Seafood'}]"
Arcjo6ZpuKYUee-xa1c_MQ,33.73377,-118.277587,$,11,2.5,90731,San Pedro,cafe-international-san-pedro,"[{'alias': 'seafood', 'title': 'Seafood'}]"
PnUbPSlJelkLJK6DAUlcvQ,33.73708,-118.28761,$,85,4.0,90731,San Pedro,tacos-jalisco-san-pedro-4,"[{'alias': 'mexican', 'title': 'Mexican'}]"
Qvegijr3CeeeNYDxdxZn1A,33.737333,-118.287613,$,107,3.0,90731,San Pedro,jolly-burrito-san-pedro-4,"[{'alias': 'mexican', 'title': 'Mexican'}, {'alias': 'hotdogs', 'title': 'Fast Food'}]"
-G3AyLXk0WQyV6s9aG2H5w,33.733428,-118.277372,$$,1570,3.5,90731,San Pedro,san-pedro-fish-market-and-restaurant-san-pedro,"[{'alias': 'seafood', 'title': 'Seafood'}, {'alias': 'seafoodmarkets', 'title': 'Seafood Markets'}, {'alias': 'karaoke', 'title': 'Karaoke'}]"
oz72MBfEPEWc28j1_RKUMQ,33.7389049,-118.2873133,$,129,3.5,90731,San Pedro,sacred-grounds-san-pedro,"[{'alias': 'coffee', 'title': 'Coffee & Tea'}, {'alias': 'galleries', 'title': 'Art Galleries'}]"
1Z7IgPohpU22yg_yUAYbjw,33.7376004632812,-118.287819220963,$,16,3.5,90731,San Pedro,casa-garibay-san-pedro,"[{'alias': 'mexican', 'title': 'Mexican'}]"
WDfTd_2tRc4cgaipbfIcwg,33.7385583,-118.2875217,$,3,5.0,90731,San Pedro,deluxe-waffle-san-pedro-2,"[{'alias': 'waffles', 'title': 'Waffles'}]"
u8VpqjiDz8htHzaumjRxHA,33.7386924,-118.2874902,$$,149,4.5,90731,San Pedro,off-the-vine-san-pedro,"[{'alias': 'wine_bars', 'title': 'Wine Bars'}, {'alias': 'tapasmallplates', 'title': 'Tapas/Small Plates'}]"
xNbAf3W7leFfcl3yjedPfA,33.7352263189011,-118.287747390568,$$$,20,4.0,90731,Los Angeles,auggies-tavern-bar-los-angeles,"[{'alias': 'bars', 'title': 'Bars'}, {'alias': 'tradamerican', 'title': 'American (Traditional)'}]"
lF02bbgLY8s5UT4prwViMA,33.73447,-118.28759,$,31,4.5,90731,San Pedro,el-habanero-mx-san-pedro,"[{'alias': 'foodtrucks', 'title': 'Food Trucks'}, {'alias': 'mexican', 'title': 'Mexican'}]"
z-OFRZhkiG-rTCGGzGs_wQ,33.7359023094177,-118.28798443079,$,72,3.0,90731,San Pedro,el-taco-san-pedro,"[{'alias': 'mexican', 'title': 'Mexican'}]"
W37yZHGyf7jnNGKwRlLHJQ,33.7350604208815,-118.288018964231,$,2,5.0,90731,Los Angeles,fruit-stand-los-angeles-6,"[{'alias': 'streetvendors', 'title': 'Street Vendors'}]"
CKrNpxXvQaiwTnGGtwD0-w,33.7317992746837,-118.278717398643,$$,98,3.5,90731,San Pedro,utros-cafe-san-pedro,"[{'alias': 'seafood', 'title': 'Seafood'}, {'alias': 'burgers', 'title': 'Burgers'}, {'alias': 'divebars', 'title': 'Dive Bars'}]"
g7aj_16v3aFDC-n5MB7zug,33.7385499,-118.2882085,$,297,4.5,90731,San Pedro,san-pedro-cafe-san-pedro,"[{'alias': 'diners', 'title': 'Diners'}, {'alias': 'breakfast_brunch', 'title': 'Breakfast & Brunch'}, {'alias': 'cafes', 'title': 'Cafes'}]"
JqSYFo0bRTuuII_-1eNFjQ,33.7384,-118.28826,$$,121,3.0,90731,San Pedro,brite-spot-mexican-restaurant-san-pedro,"[{'alias': 'mexican', 'title': 'Mexican'}]"
etpQVwrp27DoAv7_1Y7ezA,33.7359446,-118.2886397,$$,17,4.5,90731,Los Angeles,havana-lounge-cigar-club-los-angeles,"[{'alias': 'tobaccoshops', 'title': 'Tobacco Shops'}, {'alias': 'cigarbars', 'title': 'Cigar Bars'}]"
g9g_ztaRGoj-4ndHzyPT-Q,33.7404178,-118.2877751,$$,1120,4.5,90731,San Pedro,raffaello-ristorante-san-pedro,"[{'alias': 'italian', 'title': 'Italian'}]"
FrX9g4b5T3eSDt3fBs7aaA,33.7324327765303,-118.276426792145,$$,29,2.0,90731,Los Angeles,the-boardwalk-grill-los-angeles,"[{'alias': 'fishnchips', 'title': 'Fish & Chips'}]"
w2zk-ofjUjPwVW0QZKVh1g,33.7327158,-118.2878051,$,139,4.0,90731,San Pedro,slavkos-san-pedro,"[{'alias': 'bbq', 'title': 'Barbeque'}, {'alias': 'gourmet', 'title': 'Specialty Food'}]"
Z0s0_IqfOz2kfZHTajCCsA,33.73629,-118.28968,$$,355,4.5,90731,San Pedro,j-tranis-ristorante-san-pedro-2,"[{'alias': 'italian', 'title': 'Italian'}, {'alias': 'seafood', 'title': 'Seafood'}, {'alias': 'asianfusion', 'title': 'Asian Fusion'}]"
RpQ5qn8IiHjav1G_rcABoQ,33.7360035381128,-118.289685682963,$$,139,4.0,90731,San Pedro,iron-city-tavern-san-pedro,"[{'alias': 'tradamerican', 'title': 'American (Traditional)'}, {'alias': 'sportsbars', 'title': 'Sports Bars'}, {'alias': 'burgers', 'title': 'Burgers'}]"
pBAan9ARA1yo5njTTotSnw,33.7416622468774,-118.287619484298,$,52,3.5,90731,San Pedro,spiros-burgers-san-pedro,"[{'alias': 'burgers', 'title': 'Burgers'}]"
DZ1lvBWvbVZ9216Kj3fejw,33.73222,-118.28832,$,19,4.0,90731,San Pedro,tacos-quiroga-san-pedro-2,"[{'alias': 'foodtrucks', 'title': 'Food Trucks'}, {'alias': 'tacos', 'title': 'Tacos'}]"
bZuyNuCybXFhn6dgSO6B-w,33.7417671,-118.2880349,$,33,4.0,90731,San Pedro,guanajuato-meat-market-san-pedro,"[{'alias': 'mexican', 'title': 'Mexican'}, {'alias': 'meats', 'title': 'Meat Shops'}]"
z4RgSGqE8ZnyA6UsrATzug,33.7417671,-118.2880349,$,49,4.0,90731,San Pedro,lees-chinese-fast-food-san-pedro,"[{'alias': 'chinese', 'title': 'Chinese'}]"
eHcyhmr02bm8FvyfwyMkJw,33.7425449,-118.287645,$,29,4.5,90731,San Pedro,tropicana-bakery-san-pedro,"[{'alias': 'bakeries', 'title': 'Bakeries'}]"
L8_9GZE0CmkZVUOCzjffug,33.7309519028842,-118.287760466337,$,60,4.5,90731,Los Angeles,muy-pronto-tacos-los-angeles,"[{'alias': 'tacos', 'title': 'Tacos'}]"
zJG8V6FYOSNeFzdY6dfojQ,33.7377723,-118.2914848,$$,787,4.5,90731,San Pedro,bunz-gourmet-burgers-san-pedro-4,"[{'alias': 'burgers', 'title': 'Burgers'}, {'alias': 'hotdogs', 'title': 'Fast Food'}, {'alias': 'newamerican', 'title': 'American (New)'}]"
kTmUhMGH-Bz4G9UAGrLcUA,33.73626905,-118.2919358,$$,50,2.5,90731,San Pedro,starbucks-san-pedro-11,"[{'alias': 'coffee', 'title': 'Coffee & Tea'}]"
Co9D2jdV0ZhPGZVmyHFnBw,33.736642,-118.292077,$,300,4.0,90731,San Pedro,bonellos-new-york-pizza-san-pedro,"[{'alias': 'pizza', 'title': 'Pizza'}]"
l17zFSgwG8ozHs1svT5GRA,33.7367929,-118.2922151,$$,421,4.0,90731,San Pedro,babouch-moroccan-restaurant-san-pedro,"[{'alias': 'moroccan', 'title': 'Moroccan'}]"
ut_pqcaDZliPiogpHsFQJA,32.8661229858147,-97.2626862110451,$,22,1.5,76148,Watauga,pizza-hut-watauga-8,"[{'alias': 'pizza', 'title': 'Pizza'}, {'alias': 'italian', 'title': 'Italian'}, {'alias': 'chicken_wings', 'title': 'Chicken Wings'}]"
Prq5Dun1_H91sFO-Z9k2TQ,33.738066,-118.292024,$,54,2.0,90731,San Pedro,pizza-hut-san-pedro-4,"[{'alias': 'pizza', 'title': 'Pizza'}, {'alias': 'italian', 'title': 'Italian'}, {'alias': 'chicken_wings', 'title': 'Chicken Wings'}]"
OOEEyT5_zsjPNFt0kyUHBg,33.73851,-118.29185,$,69,2.0,90731,San Pedro,jack-in-the-box-san-pedro-2,"[{'alias': 'hotdogs', 'title': 'Fast Food'}, {'alias': 'breakfast_brunch', 'title': 'Breakfast & Brunch'}, {'alias': 'burgers', 'title': 'Burgers'}]"
HTgHNjg3E_3nEwEY35KXaw,33.74368,-118.28817,$,7,3.5,90731,San Pedro,el-principe-san-pedro,"[{'alias': 'danceclubs', 'title': 'Dance Clubs'}, {'alias': 'mexican', 'title': 'Mexican'}]"
RjAAbo7T0Qxtt4m9ks4P_Q,33.74356,-118.288242,$,25,3.0,90731,Los Angeles,las-champas-los-angeles,"[{'alias': 'salvadoran', 'title': 'Salvadoran'}]"
3G1zNlRqUKY-tl4wpJVdMQ,33.7439443,-118.2877451,$,33,3.5,90731,San Pedro,las-brisas-1-san-pedro-3,"[{'alias': 'mexican', 'title': 'Mexican'}, {'alias': 'seafood', 'title': 'Seafood'}]"
_KFARryyM4CYlEeWJenr2A,33.73787,-118.28461,$,37,4.5,,San Pedro,el-burger-luchador-san-pedro,"[{'alias': 'streetvendors', 'title': 'Street Vendors'}]"
syRE3irwISjOjHTlBsN_sA,33.73895,-118.29205,$,18,4.0,90731,San Pedro,yum-yum-donuts-san-pedro,"[{'alias': 'donuts', 'title': 'Donuts'}, {'alias': 'coffee', 'title': 'Coffee & Tea'}, {'alias': 'sandwiches', 'title': 'Sandwiches'}]"
q7D1pkkLrQIrf8UoicosBw,33.7391729242537,-118.292079158127,$$,98,4.5,90731,Los Angeles,happy-deli-los-angeles,"[{'alias': 'burgers', 'title': 'Burgers'}, {'alias': 'sandwiches', 'title': 'Sandwiches'}, {'alias': 'breakfast_brunch', 'title': 'Breakfast & Brunch'}]"
tUtOF_a3pNy2BJzN69fmvw,33.7365467,-118.2924849,$,484,4.0,90731,San Pedro,the-sandwich-saloon-san-pedro,"[{'alias': 'sandwiches', 'title': 'Sandwiches'}, {'alias': 'breakfast_brunch', 'title': 'Breakfast & Brunch'}]"
A1k_7CpM0cFoEN2I-6gC2A,33.744398,-118.2877451,$,52,4.0,90731,Los Angeles,la-perla-tapatia-meat-market-los-angeles,"[{'alias': 'mexican', 'title': 'Mexican'}, {'alias': 'meats', 'title': 'Meat Shops'}]"
55i-VlFJY1E_X4kHIE3uyw,33.7380459785321,-118.292515017092,$,24,2.5,90731,San Pedro,little-caesars-san-pedro,"[{'alias': 'pizza', 'title': 'Pizza'}]"
ym3szIwlV63dRHarmrT3Ow,33.739863,-118.292046,$,83,2.5,90731,San Pedro,starbucks-san-pedro-3,"[{'alias': 'coffee', 'title': 'Coffee & Tea'}]"
eMiWhP0nVqQtaj40UtgkDw,33.7363128732934,-118.292749375105,$,22,2.5,90731,San Pedro,7-eleven-san-pedro-2,"[{'alias': 'convenience', 'title': 'Convenience Stores'}, {'alias': 'coffee', 'title': 'Coffee & Tea'}]"
ULOCHJ7C0I03G_fhYnSs1A,33.734352,-118.29237,$,41,2.5,90731,San Pedro,taco-bell-san-pedro-2,"[{'alias': 'hotdogs', 'title': 'Fast Food'}, {'alias': 'mexican', 'title': 'Mexican'}, {'alias': 'tex-mex', 'title': 'Tex-Mex'}]"
udlRwNdRomyfk7XmNEkBTA,33.73453,-118.292545,$$,945,4.0,90731,San Pedro,omelette-and-waffle-shop-san-pedro-2,"[{'alias': 'breakfast_brunch', 'title': 'Breakfast & Brunch'}, {'alias': 'newamerican', 'title': 'American (New)'}, {'alias': 'cafes', 'title': 'Cafes'}]"
TbXP9WhXubFDPxcB9Py-Bg,33.7346567,-118.2924949,$,33,4.0,90731,San Pedro,baskin-robbins-san-pedro,"[{'alias': 'icecream', 'title': 'Ice Cream & Frozen Yogurt'}, {'alias': 'desserts', 'title': 'Desserts'}, {'alias': 'customcakes', 'title': 'Custom Cakes'}]"
GP4Q8mPXCqWVLk1nypNThw,33.7390625,-118.2924749,$$,41,3.5,90731,San Pedro,mvp-most-valuable-pizza-san-pedro,"[{'alias': 'pizza', 'title': 'Pizza'}, {'alias': 'sandwiches', 'title': 'Sandwiches'}, {'alias': 'beer_and_wine', 'title': 'Beer, Wine & Spirits'}]"
GYNEAT4dexIyx0uroy5BsA,33.73304,-118.2922351,$,52,3.5,90731,San Pedro,tacos-jalisco-san-pedro-2,"[{'alias': 'mexican', 'title': 'Mexican'}]"
Xp8DQKDnwNYog6t86eAPtQ,37.739348,-121.437027,$,70,1.5,95376,Tracy,pizza-hut-tracy-7,"[{'alias': 'pizza', 'title': 'Pizza'}, {'alias': 'italian', 'title': 'Italian'}, {'alias': 'chicken_wings', 'title': 'Chicken Wings'}]"
TldR0nxbG2S7f1g2YjJWuQ,33.733593,-118.292661,$,65,2.5,90731,San Pedro,tacos-super-gallito-san-pedro-4,"[{'alias': 'tacos', 'title': 'Tacos'}]"
ePA2fjgEcDGsf3IyMrfBSg,33.7403407942358,-118.292607621401,$,59,2.0,90731,San Pedro,kfc-san-pedro,"[{'alias': 'hotdogs', 'title': 'Fast Food'}, {'alias': 'chicken_wings', 'title': 'Chicken Wings'}, {'alias': 'chickenshop', 'title': 'Chicken Shop'}]"
WjOdpQAAcqRs2KLKtdSO7w,33.732136,-118.292053,$,35,3.5,90731,San Pedro,chefs-corner-pizzeria-san-pedro,"[{'alias': 'pizza', 'title': 'Pizza'}]"
IS-7cTWVvqQ2jA2-goXyBA,33.732435,-118.292309,$,40,1.5,90731,San Pedro,subway-restaurants-san-pedro,"[{'alias': 'sandwiches', 'title': 'Sandwiches'}]"
Q-XfLWEJJRpmPwfPagdT1w,33.7412156203672,-118.292717109443,$,90,2.0,90732,San Pedro,mcdonalds-san-pedro-2,"[{'alias': 'hotdogs', 'title': 'Fast Food'}, {'alias': 'burgers', 'title': 'Burgers'}, {'alias': 'coffee', 'title': 'Coffee & Tea'}]"
NwcQ3duGT2HwYcDgPXBIUQ,33.7417523,-118.2924649,$$,305,3.5,90731,San Pedro,sushi-21-san-pedro,"[{'alias': 'sushi', 'title': 'Sushi Bars'}, {'alias': 'japanese', 'title': 'Japanese'}]"
D39bRO6TBPJs3oJ3xk_oyg,33.7400610744953,-118.270000889897,$,15,4.0,90731,San Pedro,tikis-tacos-san-pedro,"[{'alias': 'mexican', 'title': 'Mexican'}, {'alias': 'foodtrucks', 'title': 'Food Trucks'}]"
Ufi8F5KOtmEbfYQop_4sFA,33.732913,-118.293616,$$,5,1.0,90731,San Pedro,starbucks-san-pedro-4,"[{'alias': 'coffee', 'title': 'Coffee & Tea'}]"
DZNNxcntYI-Y48SRlQaijA,33.7308951,-118.2922451,$$,217,3.5,90731,San Pedro,buonos-authentic-pizzeria-san-pedro,"[{'alias': 'pizza', 'title': 'Pizza'}]"
WHU4tnC4iI76Yugt32sdMQ,33.73021,-118.29206,$,84,2.5,90731,San Pedro,dominos-pizza-san-pedro,"[{'alias': 'pizza', 'title': 'Pizza'}, {'alias': 'chicken_wings', 'title': 'Chicken Wings'}, {'alias': 'sandwiches', 'title': 'Sandwiches'}]"
tN64HN5SeDoB5JSL9eNq7g,33.7435038044946,-118.2918315,$,19,2.5,90731,San Pedro,7-eleven-san-pedro,"[{'alias': 'convenience', 'title': 'Convenience Stores'}, {'alias': 'coffee', 'title': 'Coffee & Tea'}]"
RwAlhIz1EwKvBJlTct_jyg,33.74358,-118.29199,$,130,4.0,90731,San Pedro,san-pedro-tacos-san-pedro,"[{'alias': 'mexican', 'title': 'Mexican'}]"
znW8JKwy_niG-C2eol8mkg,33.743592,-118.291862,$$,158,3.5,90731,San Pedro,wingstop-san-pedro,"[{'alias': 'chicken_wings', 'title': 'Chicken Wings'}]"
l4uu1vCNibYb-XkTPSP14w,33.743857,-118.291843,$,67,4.5,90731,San Pedro,toyo-bowl-san-pedro,"[{'alias': 'japanese', 'title': 'Japanese'}, {'alias': 'chinese', 'title': 'Chinese'}, {'alias': 'sushi', 'title': 'Sushi Bars'}]"
XKG6-_yXvTVmMZJ3i-BfPA,33.7384852766991,-118.268617540598,$,17,3.0,90731,San Pedro,harbor-light-restaurant-and-market-san-pedro,"[{'alias': 'tradamerican', 'title': 'American (Traditional)'}]"
ITls2oUdfq4lo0ApNyQv_A,33.743882,-118.292346,$,40,2.0,90731,San Pedro,taco-bell-san-pedro,"[{'alias': 'mexican', 'title': 'Mexican'}, {'alias': 'tex-mex', 'title': 'Tex-Mex'}, {'alias': 'hotdogs', 'title': 'Fast Food'}]"
z0t4YKPBUMZAkLafKvNTQw,33.743885,-118.292602,$,169,3.0,90731,San Pedro,ono-hawaiian-bbq-san-pedro,"[{'alias': 'hawaiian', 'title': 'Hawaiian'}, {'alias': 'bbq', 'title': 'Barbeque'}]"
ZfxHJ35WTJxr0rxGpylSAA,33.7291802,-118.2922235,$$,217,3.5,90731,San Pedro,puesta-del-sol-san-pedro,"[{'alias': 'mexican', 'title': 'Mexican'}, {'alias': 'breakfast_brunch', 'title': 'Breakfast & Brunch'}, {'alias': 'sportsbars', 'title': 'Sports Bars'}]"
tNQjsxKstD0pHs-iVjnsrw,33.74434,-118.29274,$,138,1.5,90731,San Pedro,el-pollo-loco-san-pedro,"[{'alias': 'mexican', 'title': 'Mexican'}, {'alias': 'hotdogs', 'title': 'Fast Food'}]"
r38YA95-JeiYqOO-K8ru9A,33.7450265182115,-118.2920149,$,25,2.5,90731,San Pedro,wienerschnitzel-san-pedro,"[{'alias': 'hotdogs', 'title': 'Fast Food'}, {'alias': 'hotdog', 'title': 'Hot Dogs'}, {'alias': 'sandwiches', 'title': 'Sandwiches'}]"
vC5VaCfaIVHhxHbfvgLlKA,33.74863,-118.279968,$,9,4.0,90731,San Pedro,super-churros-california-san-pedro,"[{'alias': 'desserts', 'title': 'Desserts'}, {'alias': 'foodstands', 'title': 'Food Stands'}]"
O6sWnh6QsoQE8b7MOjoTvw,33.7359351,-118.296359,$,92,4.0,90731,San Pedro,pinas-cafe-san-pedro,"[{'alias': 'mexican', 'title': 'Mexican'}]"
rQnY-YiBaqfIDjbakjDUjg,33.73467,-118.29707,$,166,4.5,90731,Los Angeles,josephs-bakery-los-angeles,"[{'alias': 'bakeries', 'title': 'Bakeries'}, {'alias': 'pizza', 'title': 'Pizza'}, {'alias': 'desserts', 'title': 'Desserts'}]"
AADmAvwMiIj2WjTKJhNjrQ,33.7492105361239,-118.278922422136,$$,36,3.5,90731,San Pedro,catalina-bistro-and-express-grill-san-pedro,"[{'alias': 'cafes', 'title': 'Cafes'}, {'alias': 'tradamerican', 'title': 'American (Traditional)'}]"
Zwa4u4ZyLjqqF6kzQDjzAA,33.744005,-118.2990849,$,64,3.5,90731,San Pedro,enchilada-house-san-pedro,"[{'alias': 'mexican', 'title': 'Mexican'}]"
-LqlXoQlC7qUGDraR-6z2w,33.718627,-118.282263,$$,14,3.5,90731,Los Angeles,marina-bar-and-grill-los-angeles,"[{'alias': 'italian', 'title': 'Italian'}]"
SijhTpsIgB1I7px_Oyt0Pg,33.753456,-118.292198,$,70,3.0,90731,San Pedro,larrys-hamburgers-san-pedro,"[{'alias': 'burgers', 'title': 'Burgers'}]"
bbk4ybHLxIJJL6UmSGzetw,33.75416,-118.29191,$,29,3.0,90731,San Pedro,donut-star-san-pedro,"[{'alias': 'donuts', 'title': 'Donuts'}, {'alias': 'coffee', 'title': 'Coffee & Tea'}, {'alias': 'bagels', 'title': 'Bagels'}]"
rKvNLEqXJYlgQxJH_8PB1w,33.75416,-118.29191,$,162,3.5,90731,San Pedro,the-original-las-brisas-san-pedro-2,"[{'alias': 'seafood', 'title': 'Seafood'}, {'alias': 'mexican', 'title': 'Mexican'}]"
uQwSAGy7Tg5GguqVvQrIPw,33.75416,-118.29191,$$,519,4.0,90731,San Pedro,big-nicks-pizza-san-pedro,"[{'alias': 'pizza', 'title': 'Pizza'}, {'alias': 'italian', 'title': 'Italian'}, {'alias': 'sandwiches', 'title': 'Sandwiches'}]"
JXeChjufC4xIhS1ILD5uUg,33.7543740921021,-118.292480818927,$,92,4.5,90731,Los Angeles,teriyaki-table-san-pedro-los-angeles,"[{'alias': 'japanese', 'title': 'Japanese'}, {'alias': 'hotdogs', 'title': 'Fast Food'}, {'alias': 'asianfusion', 'title': 'Asian Fusion'}]"
Tp4EYfk_tX8xafjkKPSsIg,33.75537,-118.2926,$,208,3.0,90731,San Pedro,fantastic-cafe-san-pedro-2,"[{'alias': 'tradamerican', 'title': 'American (Traditional)'}, {'alias': 'burgers', 'title': 'Burgers'}, {'alias': 'breakfast_brunch', 'title': 'Breakfast & Brunch'}]"
C1UeuyjkuuQtzKdntFXq_Q,33.7588194904265,-118.293098557538,$,18,3.0,90731,San Pedro,7-eleven-san-pedro-7,"[{'alias': 'convenience', 'title': 'Convenience Stores'}, {'alias': 'coffee', 'title': 'Coffee & Tea'}]"
y8Y14sloWPRlzmT7rO4b3Q,33.7504790601092,-118.306847746636,$,70,3.5,90732,San Pedro,jersey-mikes-subs-san-pedro,"[{'alias': 'sandwiches', 'title': 'Sandwiches'}, {'alias': 'hotdogs', 'title': 'Fast Food'}, {'alias': 'delis', 'title': 'Delis'}]"
v_84sx4xof3Qv_HDrubSMA,33.76045,-118.293304,$$,16,2.5,90731,San Pedro,starbucks-san-pedro-12,"[{'alias': 'coffee', 'title': 'Coffee & Tea'}]"
-wPgU3jvhW2-hw3aWQjQnA,33.751013,-118.307344,$,159,2.5,90732,San Pedro,chipotle-mexican-grill-san-pedro,"[{'alias': 'mexican', 'title': 'Mexican'}, {'alias': 'hotdogs', 'title': 'Fast Food'}]"
ufDKyE15_ARSFC8pK90n7g,33.7601,-118.29388,$$,19,3.5,90731,San Pedro,which-wich-san-pedro,"[{'alias': 'sandwiches', 'title': 'Sandwiches'}]"
EQXNiyZpUbwP0QfbeQ9tnQ,33.75225833,-118.3074955,$$,80,4.5,90732,San Pedro,rollstop-sushi-san-pedro,"[{'alias': 'sushi', 'title': 'Sushi Bars'}]"
Ztog6240-pen6hcn64ZFVg,33.7521553946072,-118.307503702406,$$,168,4.0,90732,San Pedro,fat-tomato-pizza-san-pedro-2,"[{'alias': 'pizza', 'title': 'Pizza'}, {'alias': 'salad', 'title': 'Salad'}, {'alias': 'sandwiches', 'title': 'Sandwiches'}]"
6UyvLJidKL1YCRlwQUQFkA,33.752092482963,-118.307597690837,$,93,3.0,90732,San Pedro,pick-up-stix-san-pedro,"[{'alias': 'chinese', 'title': 'Chinese'}, {'alias': 'asianfusion', 'title': 'Asian Fusion'}]"
5lL6MKepj8ADj1cwm_z-8w,33.7515302671775,-118.308292748353,$,96,3.0,90732,San Pedro,the-flame-broiler-san-pedro,"[{'alias': 'newamerican', 'title': 'American (New)'}]"
XxbjEeLuRgartfxQoEtwWA,33.751964,-118.308296,$,26,2.5,90732,San Pedro,subway-restaurants-san-pedro-3,"[{'alias': 'sandwiches', 'title': 'Sandwiches'}]"
01dYhBETz6yIUXxNZE0waA,33.752883,-118.3075413,$$,105,2.5,90732,San Pedro,marie-callenders-san-pedro-2,"[{'alias': 'bakeries', 'title': 'Bakeries'}, {'alias': 'tradamerican', 'title': 'American (Traditional)'}]"
e5BudD7Ln26uX-gv00WiJA,33.7524224359846,-118.308141400909,$,64,2.5,90732,San Pedro,del-taco-san-pedro,"[{'alias': 'hotdogs', 'title': 'Fast Food'}, {'alias': 'mexican', 'title': 'Mexican'}]"
mHtRPqvCDFN7D_MIyycYHQ,33.752452,-118.308568,$,108,4.5,90732,San Pedro,yogurtland-san-pedro-san-pedro,"[{'alias': 'icecream', 'title': 'Ice Cream & Frozen Yogurt'}]"
WuCbhwSXvVXE9XMgGHMxJA,33.762723375773,-118.293628384656,$$,116,4.5,90731,San Pedro,happy-diner-san-pedro-3,"[{'alias': 'breakfast_brunch', 'title': 'Breakfast & Brunch'}, {'alias': 'diners', 'title': 'Diners'}, {'alias': 'mexican', 'title': 'Mexican'}]"
08_4tii26UCtdabjDNhspA,33.7533976,-118.3086819,$,186,3.5,90732,San Pedro,in-n-out-burger-san-pedro,"[{'alias': 'hotdogs', 'title': 'Fast Food'}, {'alias': 'burgers', 'title': 'Burgers'}]"
fv5M19-7YerFFXQxkPc0ig,34.0053558349609,-118.479789733887,$,111,4.0,90405,Santa Monica,pinch-of-flavor-santa-monica,"[{'alias': 'foodtrucks', 'title': 'Food Trucks'}, {'alias': 'seafood', 'title': 'Seafood'}, {'alias': 'catering', 'title': 'Caterers'}]"
A8u1P4p29eYwtVYbjQuRkw,34.05814,-118.24666,$$,217,3.5,90012,Los Angeles,brewwings-los-angeles,"[{'alias': 'chicken_wings', 'title': 'Chicken Wings'}, {'alias': 'catering', 'title': 'Caterers'}, {'alias': 'foodtrucks', 'title': 'Food Trucks'}]"
M0JcJIr7zSOSHqfpfENeCQ,34.0334815979004,-118.473663330078,$,32,5.0,90404,Santa Monica,pop-candy-santa-monica,"[{'alias': 'foodstands', 'title': 'Food Stands'}, {'alias': 'candy', 'title': 'Candy Stores'}]"
MaMcWQp1PjAgW_bXjViSVg,33.73095,-117.81275,$,7,5.0,92780,Tustin,the-feeding-frenzy-tustin-2,"[{'alias': 'foodtrucks', 'title': 'Food Trucks'}, {'alias': 'desserts', 'title': 'Desserts'}, {'alias': 'catering', 'title': 'Caterers'}]"
